Session,Loss,Accuracy
Initial,0.39738425612449646,0.9399999976158142
Reimported,0.35158732533454895,0.9399999976158142
